"Reported.Date","Confirmed.Negative","Presumptive.Negative","Presumptive.Positive","Confirmed.Positive","Resolved","Deaths","Total.Cases","Total.patients.approved.for.testing.as.of.Reporting.Date","Total.tests.completed.in.the.last.day","Percent.positive.tests.in.last.day","Under.Investigation","Number.of.patients.hospitalized.with.COVID.19","Number.of.patients.in.ICU.due.to.COVID.19","Number.of.patients.in.ICU..testing.positive.for.COVID.19","Number.of.patients.in.ICU..testing.negative.for.COVID.19","Number.of.patients.in.ICU.on.a.ventilator.due.to.COVID.19","Num..of.patients.in.ICU.on.a.ventilator.testing.positive","Num..of.patients.in.ICU.on.a.ventilator.testing.negative","Total.Positive.LTC.Resident.Cases","Total.Positive.LTC.HCW.Cases","Total.LTC.Resident.Deaths","Total.LTC.HCW.Deaths","Total_Lineage_B.1.1.7","Total_Lineage_B.1.351","Total_Lineage_P.1"
2020-01-26,NA,NA,1,NA,NA,NA,NA,NA,NA,NA,9,NA,NA,NA,NA,NA,NA,NA,NA,NA,NA,NA,NA,NA,NA
2020-01-27,NA,NA,2,NA,NA,NA,NA,NA,NA,NA,19,NA,NA,NA,NA,NA,NA,NA,NA,NA,NA,NA,NA,NA,NA
2020-01-28,NA,NA,1,1,NA,NA,1,NA,NA,NA,11,NA,NA,NA,NA,NA,NA,NA,NA,NA,NA,NA,NA,NA,NA
2020-01-30,NA,NA,0,2,NA,NA,2,NA,NA,NA,27,NA,NA,NA,NA,NA,NA,NA,NA,NA,NA,NA,NA,NA,NA
2020-01-31,NA,NA,0,2,NA,NA,2,NA,NA,NA,17,NA,NA,NA,NA,NA,NA,NA,NA,NA,NA,NA,NA,NA,NA
2020-02-03,NA,NA,0,3,NA,NA,3,NA,NA,NA,29,NA,NA,NA,NA,NA,NA,NA,NA,NA,NA,NA,NA,NA,NA
2020-02-04,90,12,0,3,NA,NA,3,139,NA,NA,34,NA,NA,NA,NA,NA,NA,NA,NA,NA,NA,NA,NA,NA,NA
2020-02-05,96,8,0,3,NA,NA,3,150,NA,NA,43,NA,NA,NA,NA,NA,NA,NA,NA,NA,NA,NA,NA,NA,NA
2020-02-06,104,0,0,3,NA,NA,3,169,NA,NA,62,NA,NA,NA,NA,NA,NA,NA,NA,NA,NA,NA,NA,NA,NA
2020-02-08,130,25,0,3,NA,NA,3,197,NA,NA,39,NA,NA,NA,NA,NA,NA,NA,NA,NA,NA,NA,NA,NA,NA
2020-02-10,167,81,0,3,NA,NA,3,259,NA,NA,8,NA,NA,NA,NA,NA,NA,NA,NA,NA,NA,NA,NA,NA,NA
2020-02-11,184,79,0,3,NA,NA,3,285,NA,NA,19,NA,NA,NA,NA,NA,NA,NA,NA,NA,NA,NA,NA,NA,NA
2020-02-12,257,44,0,2,1,NA,3,313,NA,NA,9,NA,NA,NA,NA,NA,NA,NA,NA,NA,NA,NA,NA,NA,NA
2020-02-13,306,16,0,2,1,NA,3,340,NA,NA,15,NA,NA,NA,NA,NA,NA,NA,NA,NA,NA,NA,NA,NA,NA
2020-02-14,353,0,0,2,1,NA,3,364,NA,NA,8,NA,NA,NA,NA,NA,NA,NA,NA,NA,NA,NA,NA,NA,NA
2020-02-17,399,0,0,2,1,NA,3,402,NA,NA,0,NA,NA,NA,NA,NA,NA,NA,NA,NA,NA,NA,NA,NA,NA
2020-02-18,418,0,0,2,1,NA,3,421,NA,NA,0,NA,NA,NA,NA,NA,NA,NA,NA,NA,NA,NA,NA,NA,NA
2020-02-19,436,0,0,2,1,NA,3,456,NA,NA,17,NA,NA,NA,NA,NA,NA,NA,NA,NA,NA,NA,NA,NA,NA
2020-02-20,462,NA,0,1,2,NA,3,479,NA,NA,14,NA,NA,NA,NA,NA,NA,NA,NA,NA,NA,NA,NA,NA,NA
2020-02-21,483,NA,0,0,3,NA,3,498,NA,NA,12,NA,NA,NA,NA,NA,NA,NA,NA,NA,NA,NA,NA,NA,NA
2020-02-24,540,NA,0,1,3,NA,4,553,NA,NA,9,NA,NA,NA,NA,NA,NA,NA,NA,NA,NA,NA,NA,NA,NA
2020-02-25,568,NA,0,1,3,NA,4,593,NA,NA,21,NA,NA,NA,NA,NA,NA,NA,NA,NA,NA,NA,NA,NA,NA
2020-02-26,610,NA,1,1,3,NA,4,629,NA,NA,14,NA,NA,NA,NA,NA,NA,NA,NA,NA,NA,NA,NA,NA,NA
2020-02-27,672,NA,1,2,3,NA,5,699,NA,NA,21,NA,NA,NA,NA,NA,NA,NA,NA,NA,NA,NA,NA,NA,NA
2020-02-28,739,NA,1,3,3,NA,6,768,NA,NA,22,NA,NA,NA,NA,NA,NA,NA,NA,NA,NA,NA,NA,NA,NA
2020-03-02,975,NA,NA,15,3,NA,18,1005,NA,NA,12,NA,NA,NA,NA,NA,NA,NA,NA,NA,NA,NA,NA,NA,NA
2020-03-03,1061,NA,NA,17,3,NA,20,1126,NA,NA,45,NA,NA,NA,NA,NA,NA,NA,NA,NA,NA,NA,NA,NA,NA
2020-03-04,1216,NA,NA,17,3,NA,20,1338,NA,NA,102,NA,NA,NA,NA,NA,NA,NA,NA,NA,NA,NA,NA,NA,NA
2020-03-05,1466,NA,NA,18,4,NA,22,1566,NA,NA,78,NA,NA,NA,NA,NA,NA,NA,NA,NA,NA,NA,NA,NA,NA
2020-03-06,1665,NA,NA,22,4,NA,26,1763,NA,NA,72,NA,NA,NA,NA,NA,NA,NA,NA,NA,NA,NA,NA,NA,NA
2020-03-07,1918,NA,NA,24,4,NA,28,1982,NA,NA,36,NA,NA,NA,NA,NA,NA,NA,NA,NA,NA,NA,NA,NA,NA
2020-03-08,2094,NA,NA,25,4,NA,29,2178,NA,NA,55,NA,NA,NA,NA,NA,NA,NA,NA,NA,NA,NA,NA,NA,NA
2020-03-09,2347,NA,NA,31,4,NA,35,2404,NA,NA,22,NA,NA,NA,NA,NA,NA,NA,NA,NA,NA,NA,NA,NA,NA
2020-03-10,2599,NA,NA,31,5,NA,36,2747,NA,NA,112,NA,NA,NA,NA,NA,NA,NA,NA,NA,NA,NA,NA,NA,NA
2020-03-11,2888,NA,NA,37,5,NA,42,3395,NA,NA,465,NA,NA,NA,NA,NA,NA,NA,NA,NA,NA,NA,NA,NA,NA
2020-03-12,3590,NA,NA,54,5,NA,59,4185,NA,NA,536,NA,NA,NA,NA,NA,NA,NA,NA,NA,NA,NA,NA,NA,NA
2020-03-13,4470,NA,NA,74,5,NA,79,5129,NA,NA,580,NA,NA,NA,NA,NA,NA,NA,NA,NA,NA,NA,NA,NA,NA
2020-03-14,5606,NA,NA,98,5,NA,103,6648,NA,NA,939,NA,NA,NA,NA,NA,NA,NA,NA,NA,NA,NA,NA,NA,NA
2020-03-15,7004,NA,NA,140,5,NA,145,8465,NA,NA,1316,NA,NA,NA,NA,NA,NA,NA,NA,NA,NA,NA,NA,NA,NA
2020-03-16,8464,NA,NA,172,5,NA,177,10178,NA,NA,1537,NA,NA,NA,NA,NA,NA,NA,NA,NA,NA,NA,NA,NA,NA
2020-03-17,9415,NA,NA,183,5,1,189,11171,NA,NA,1567,NA,NA,NA,NA,NA,NA,NA,NA,NA,NA,NA,NA,NA,NA
2020-03-18,10305,NA,NA,208,5,1,214,13897,NA,NA,3378,NA,NA,NA,NA,NA,NA,NA,NA,NA,NA,NA,NA,NA,NA
2020-03-19,12421,NA,NA,251,5,2,258,16650,NA,NA,3971,NA,NA,NA,NA,NA,NA,NA,NA,NA,NA,NA,NA,NA,NA
2020-03-20,13718,NA,NA,311,5,2,318,19511,NA,NA,5475,NA,NA,NA,NA,NA,NA,NA,NA,NA,NA,NA,NA,NA,NA
2020-03-21,15768,NA,NA,369,6,2,377,23384,NA,NA,7239,NA,NA,NA,NA,NA,NA,NA,NA,NA,NA,NA,NA,NA,NA
2020-03-22,17634,NA,NA,412,8,5,425,26420,NA,NA,8361,NA,NA,NA,NA,NA,NA,NA,NA,NA,NA,NA,NA,NA,NA
2020-03-23,19586,NA,NA,489,8,6,503,28506,NA,NA,8417,NA,NA,NA,NA,NA,NA,NA,NA,NA,NA,NA,NA,NA,NA
2020-03-24,21795,NA,NA,572,8,8,588,32457,NA,NA,10074,NA,NA,NA,NA,NA,NA,NA,NA,NA,NA,NA,NA,NA,NA
2020-03-25,24458,NA,NA,667,8,13,688,35635,NA,NA,10489,NA,NA,NA,NA,NA,NA,NA,NA,NA,NA,NA,NA,NA,NA
2020-03-26,26727,NA,NA,835,8,15,858,38550,NA,NA,10965,NA,NA,NA,NA,NA,NA,NA,NA,NA,NA,NA,NA,NA,NA
2020-03-27,29967,NA,NA,967,8,18,993,41032,NA,NA,10074,NA,NA,NA,NA,NA,NA,NA,NA,NA,NA,NA,NA,NA,NA
2020-03-28,33240,NA,NA,1117,8,19,1144,43072,NA,NA,8690,NA,NA,NA,NA,NA,NA,NA,NA,NA,NA,NA,NA,NA,NA
2020-03-29,40630,NA,NA,1324,8,23,1355,49186,NA,NA,7203,NA,NA,NA,NA,NA,NA,NA,NA,NA,NA,NA,NA,NA,NA
2020-03-30,NA,NA,NA,1252,431,23,1706,48461,NA,NA,5651,NA,NA,NA,NA,NA,NA,NA,NA,NA,NA,NA,NA,NA,NA
2020-03-31,NA,NA,NA,1399,534,33,1966,51629,NA,NA,4280,NA,NA,NA,NA,NA,NA,NA,NA,NA,NA,NA,NA,NA,NA
2020-04-01,NA,NA,NA,1681,674,37,2392,57874,NA,NA,3135,NA,NA,NA,NA,NA,NA,NA,NA,NA,NA,NA,NA,NA,NA
2020-04-02,NA,NA,NA,1909,831,53,2793,62733,NA,NA,2052,405,NA,167,NA,NA,112,NA,NA,NA,NA,NA,NA,NA,NA
2020-04-03,NA,NA,NA,2165,1023,67,3255,66753,NA,NA,1245,462,NA,194,NA,NA,140,NA,NA,NA,NA,NA,NA,NA,NA
2020-04-04,NA,NA,NA,2317,1219,94,3630,71338,NA,NA,1336,506,NA,196,NA,NA,152,NA,NA,NA,NA,NA,NA,NA,NA
2020-04-05,NA,NA,NA,2470,1449,119,4038,75046,NA,NA,981,523,NA,200,NA,NA,154,NA,NA,NA,NA,NA,NA,NA,NA
2020-04-06,NA,NA,NA,2591,1624,132,4347,78796,NA,NA,329,589,NA,216,NA,NA,160,NA,NA,NA,NA,NA,NA,NA,NA
2020-04-07,NA,NA,NA,2771,1802,153,4726,81364,NA,NA,691,614,NA,233,NA,NA,187,NA,NA,NA,NA,NA,NA,NA,NA
2020-04-08,NA,NA,NA,3028,2074,174,5276,84601,NA,NA,1102,605,NA,246,NA,NA,195,NA,NA,NA,NA,NA,NA,NA,NA
2020-04-09,NA,NA,NA,3254,2305,200,5759,88698,NA,NA,1208,632,NA,264,NA,NA,214,NA,NA,NA,NA,NA,NA,NA,NA
2020-04-10,NA,NA,NA,3441,2574,222,6237,92673,NA,NA,1598,673,NA,260,NA,NA,217,NA,NA,NA,NA,NA,NA,NA,NA
2020-04-11,NA,NA,NA,3537,2858,253,6648,96321,NA,NA,1517,691,NA,257,NA,NA,215,NA,NA,NA,NA,NA,NA,NA,NA
2020-04-12,NA,NA,NA,3654,3121,274,7049,103165,NA,NA,1619,738,NA,261,NA,NA,196,NA,NA,NA,NA,NA,NA,NA,NA
2020-04-13,NA,NA,NA,3822,3357,291,7470,108230,NA,NA,1534,760,NA,263,NA,NA,203,NA,NA,NA,NA,NA,NA,NA,NA
2020-04-14,NA,NA,NA,4051,3568,334,7953,113082,NA,NA,2107,769,NA,255,NA,NA,199,NA,NA,NA,NA,NA,NA,NA,NA
2020-04-15,NA,NA,NA,4160,3902,385,8447,119092,6010,NA,4429,795,NA,254,NA,NA,188,NA,NA,NA,NA,NA,NA,NA,NA
2020-04-16,NA,NA,NA,4344,4194,423,8961,128093,9001,NA,4323,807,NA,248,NA,NA,200,NA,NA,NA,NA,NA,NA,NA,NA
2020-04-17,NA,NA,NA,4491,4556,478,9525,136992,8899,NA,5993,829,NA,245,NA,NA,200,NA,NA,NA,NA,NA,NA,NA,NA
2020-04-18,NA,NA,NA,4621,4875,514,10010,146454,9462,NA,6833,828,NA,250,NA,NA,197,NA,NA,NA,NA,NA,NA,NA,NA
2020-04-19,NA,NA,NA,4816,5209,553,10578,156097,9643,8.5,5736,809,NA,247,NA,NA,196,NA,NA,NA,NA,NA,NA,NA,NA
2020-04-20,NA,NA,NA,5085,5515,584,11184,164840,8743,7.1,3799,802,NA,247,NA,NA,193,NA,NA,NA,NA,NA,NA,NA,NA
2020-04-21,NA,NA,NA,5307,5806,622,11735,174170,9330,7.7,5546,859,NA,250,NA,NA,194,NA,NA,NA,NA,NA,NA,NA,NA
2020-04-22,NA,NA,NA,5365,6221,659,12245,184531,10361,8.1,6845,878,NA,243,NA,NA,192,NA,NA,NA,NA,NA,NA,NA,NA
2020-04-23,NA,NA,NA,5486,6680,713,12879,194745,10214,7.3,6757,887,NA,233,NA,NA,185,NA,NA,NA,NA,NA,NA,NA,NA
2020-04-24,NA,NA,NA,5669,7087,763,13519,207040,12295,5,5414,910,NA,243,NA,NA,193,NA,NA,NA,NA,NA,NA,NA,NA
2020-04-25,NA,NA,NA,5675,7509,811,13995,217618,10578,5.7,8171,925,NA,245,NA,NA,195,NA,NA,NA,NA,NA,NA,NA,NA
2020-04-26,NA,NA,NA,5597,8000,835,14432,229638,12020,7.1,7417,938,NA,252,NA,NA,195,NA,NA,NA,NA,NA,NA,NA,NA
2020-04-27,NA,NA,NA,5439,8525,892,14856,242188,12550,6,5001,945,NA,241,NA,NA,191,NA,NA,NA,NA,NA,NA,NA,NA
2020-04-28,NA,NA,NA,5466,8964,951,15381,253040,10852,5.7,6282,957,NA,239,NA,NA,187,NA,NA,NA,NA,NA,NA,NA,NA
2020-04-29,NA,NA,NA,5120,9612,996,15728,264594,11554,5.2,9530,977,NA,235,NA,NA,186,NA,NA,NA,NA,NA,NA,NA,NA
2020-04-30,NA,NA,NA,4900,10205,1082,16187,277522,12928,4.5,11859,999,NA,233,NA,NA,181,NA,NA,NA,NA,NA,NA,NA,NA
2020-05-01,NA,NA,NA,4662,10825,1121,16608,294054,16532,4.9,11975,1017,244,225,19,187,175,12,NA,NA,NA,NA,NA,NA,NA
2020-05-02,NA,NA,NA,4553,11390,1176,17119,310359,16305,4.6,12829,977,236,221,15,178,154,24,NA,NA,NA,NA,NA,NA,NA
2020-05-03,NA,NA,NA,4332,12005,1216,17553,327505,17146,4.7,9785,1010,246,232,14,184,174,10,NA,NA,NA,NA,NA,NA,NA
2020-05-04,NA,NA,NA,4118,12505,1300,17923,342060,14555,5.4,6265,984,243,225,18,189,175,14,NA,NA,NA,NA,NA,NA,NA
2020-05-05,NA,NA,NA,4170,12779,1361,18310,352714,10654,5,6023,1043,243,223,20,187,166,21,NA,NA,NA,NA,NA,NA,NA
2020-05-06,NA,NA,NA,4071,13222,1429,18722,365675,12961,4.1,8790,1032,240,219,21,189,174,15,NA,NA,NA,NA,NA,NA,NA
2020-05-07,NA,NA,NA,4075,13569,1477,19121,380854,15179,3.5,13012,1033,234,220,14,175,155,20,NA,NA,NA,NA,NA,NA,NA
2020-05-08,NA,NA,NA,4068,13990,1540,19598,397149,16295,3.2,14641,1028,230,213,17,177,166,11,NA,NA,NA,NA,NA,NA,NA
2020-05-09,NA,NA,NA,3962,14383,1599,19944,416376,19227,3.2,15307,1016,218,203,15,171,158,13,NA,NA,NA,NA,NA,NA,NA
2020-05-10,NA,NA,NA,3832,14772,1634,20238,433994,17618,3.7,14816,961,211,195,16,161,140,21,NA,NA,NA,NA,NA,NA,NA
2020-05-11,NA,NA,NA,3746,15131,1669,20546,447964,13970,3.1,9018,1027,215,194,21,164,147,17,NA,NA,NA,NA,NA,NA,NA
2020-05-12,NA,NA,NA,3791,15391,1725,20907,459921,11957,4.7,10811,1025,211,192,19,157,146,11,NA,NA,NA,NA,NA,NA,NA
2020-05-13,NA,NA,NA,3626,15845,1765,21236,475058,15137,3.7,13395,1018,207,189,18,160,144,16,NA,NA,NA,NA,NA,NA,NA
2020-05-14,NA,NA,NA,3579,16204,1798,21581,492487,17429,3.5,17578,1026,201,184,17,156,141,15,NA,NA,NA,NA,NA,NA,NA
2020-05-15,NA,NA,NA,3456,16641,1825,21922,510841,18354,4.1,14373,986,194,179,15,147,135,12,NA,NA,NA,NA,NA,NA,NA
2020-05-16,NA,NA,NA,3435,17020,1858,22313,528609,17768,5.4,10565,975,196,180,16,151,135,16,NA,NA,NA,NA,NA,NA,NA
2020-05-17,NA,NA,NA,3412,17360,1881,22653,544826,16217,7.8,4414,934,188,171,17,144,129,15,NA,NA,NA,NA,NA,NA,NA
2020-05-18,NA,NA,NA,3415,17638,1904,22957,553981,9155,8,2189,972,190,174,16,144,133,11,NA,NA,NA,NA,NA,NA,NA
2020-05-19,NA,NA,NA,3567,17898,1919,23384,559794,5813,6,2294,987,192,167,25,142,123,19,4235,1456,1115,3,NA,NA,NA
2020-05-20,NA,NA,NA,3622,18190,1962,23774,567176,7382,6.8,4444,991,185,160,25,137,120,17,4518,1573,1224,4,NA,NA,NA
2020-05-21,NA,NA,NA,3685,18509,1993,24187,577682,10506,5.8,5051,984,181,155,26,137,117,20,4656,1601,1242,4,NA,NA,NA
2020-05-22,NA,NA,NA,3840,18767,2021,24628,588958,11276,5.5,5516,961,176,153,23,140,120,20,4711,1623,1262,4,NA,NA,NA
2020-05-23,NA,NA,NA,3846,19146,2048,25040,599986,11028,5.1,5871,912,175,147,28,138,119,19,4784,1650,1282,4,NA,NA,NA
2020-05-24,NA,NA,NA,3950,19477,2073,25500,611369,11383,6.4,3216,878,176,148,28,136,104,32,4834,1668,1300,4,NA,NA,NA
2020-05-25,NA,NA,NA,4104,19698,2102,25904,619539,8170,5,3883,859,175,148,27,136,114,22,4862,1678,1323,4,NA,NA,NA
2020-05-26,NA,NA,NA,4110,19958,2123,26191,629414,9875,3.5,6961,848,172,143,29,134,113,21,4892,1703,1335,4,NA,NA,NA
2020-05-27,NA,NA,NA,3956,20372,2155,26483,644547,15133,3,11817,847,173,150,23,135,117,18,4936,1721,1352,4,NA,NA,NA
2020-05-28,NA,NA,NA,4004,20673,2189,26866,662162,17615,3.3,11868,833,163,137,26,122,94,28,4964,1745,1377,5,NA,NA,NA
2020-05-29,NA,NA,NA,3997,20983,2230,27210,680687,18525,2.8,13351,826,159,129,30,121,100,21,4989,1775,1412,5,NA,NA,NA
2020-05-30,NA,NA,NA,3933,21353,2247,27533,701327,20640,3.4,12760,801,155,121,34,119,84,35,5003,1793,1423,5,NA,NA,NA
2020-05-31,NA,NA,NA,3783,21810,2266,27859,718341,17014,3.4,9647,781,156,118,38,111,90,21,5035,1802,1438,6,NA,NA,NA
2020-06-01,NA,NA,NA,3834,22153,2276,28263,732720,14379,3.1,6427,781,161,125,36,111,89,22,5097,1814,1445,6,NA,NA,NA
2020-06-02,NA,NA,NA,3932,22484,2293,28709,747964,15244,3.8,10622,801,160,125,35,111,87,24,5158,1825,1465,5,NA,NA,NA
2020-06-03,NA,NA,NA,3924,22811,2312,29047,765501,17537,2.1,11636,791,158,127,31,118,92,26,5172,1843,1472,5,NA,NA,NA
2020-06-04,NA,NA,NA,3838,23208,2357,29403,786323,20822,2.1,12760,776,152,121,31,116,94,22,5202,1865,1509,5,NA,NA,NA
2020-06-05,NA,NA,NA,3792,23583,2372,29747,809053,22730,1.8,12247,749,149,118,31,118,94,24,5222,1883,1519,5,NA,NA,NA
2020-06-06,NA,NA,NA,3848,23947,2407,30202,832158,23105,2,12384,673,146,117,29,116,97,19,5248,1892,1549,5,NA,NA,NA
2020-06-07,NA,NA,NA,3939,24252,2426,30617,851532,19374,2.1,6779,635,142,117,25,114,92,22,5254,1921,1557,5,NA,NA,NA
2020-06-08,NA,NA,NA,3918,24492,2450,30860,866889,15357,2.6,4811,603,143,118,25,107,81,26,5256,1932,1575,5,NA,NA,NA
2020-06-09,NA,NA,NA,3797,24829,2464,31090,880398,13509,1.5,11020,600,141,116,25,104,88,16,5274,1948,1585,5,NA,NA,NA
2020-06-10,NA,NA,NA,3486,25380,2475,31341,900339,19941,1.6,13897,580,144,118,26,102,86,16,5294,1963,1591,5,NA,NA,NA
2020-06-11,NA,NA,NA,3172,25885,2487,31544,924680,24341,1.6,16359,538,145,120,25,103,87,16,5307,1967,1600,5,NA,NA,NA
2020-06-12,NA,NA,NA,3041,26187,2498,31726,953015,28335,1.4,18512,527,140,114,26,106,84,22,5314,1984,1606,5,NA,NA,NA
2020-06-13,NA,NA,NA,2947,26538,2507,31992,980471,27456,1,26158,489,136,110,26,97,68,29,5327,2001,1610,5,NA,NA,NA
2020-06-14,NA,NA,NA,2709,26961,2519,32189,1003749,23278,1.3,25290,438,128,103,25,96,77,19,5368,2029,1625,6,NA,NA,NA
2020-06-15,NA,NA,NA,2630,27213,2527,32370,1025500,21751,1.3,18258,419,129,104,25,88,69,19,5380,2041,1629,6,NA,NA,NA
2020-06-16,NA,NA,NA,2585,27431,2538,32554,1047224,21724,1.2,17920,413,126,98,27,89,70,19,5357,2060,1632,6,NA,NA,NA
2020-06-17,NA,NA,NA,2410,27784,2550,32744,1071429,24205,1.1,21635,383,118,92,26,82,65,17,5359,2097,1636,6,NA,NA,NA
2020-06-18,NA,NA,NA,2360,28004,2553,32917,1096707,25278,1.1,24887,351,111,84,27,78,60,18,5360,2115,1636,6,NA,NA,NA
2020-06-19,NA,NA,NA,2281,28250,2564,33095,1123932,27225,1.1,21479,331,108,82,26,78,65,13,5384,2142,1645,6,NA,NA,NA
2020-06-20,NA,NA,NA,2238,28468,2595,33301,1151319,27387,1.1,16963,333,108,80,28,82,63,19,5345,2153,1651,6,NA,NA,NA
2020-06-21,NA,NA,NA,2151,28719,2606,33476,1174727,23408,1.4,15424,286,114,86,28,76,59,17,5355,2176,1657,6,NA,NA,NA
2020-06-22,NA,NA,NA,2095,28933,2609,33637,1196627,21900,1.8,10027,265,107,76,31,74,58,16,5364,2192,1654,6,NA,NA,NA
2020-06-23,NA,NA,NA,2127,29107,2619,33853,1212816,16189,1.3,16418,288,106,75,31,70,54,16,5392,2205,1664,6,NA,NA,NA
2020-06-24,NA,NA,NA,2049,29336,2631,34016,1236023,23207,1.3,21398,278,101,73,28,65,48,17,5427,2244,1683,5,NA,NA,NA
2020-06-25,NA,NA,NA,2036,29528,2641,34205,1263534,27511,0.9,24607,270,97,69,28,62,47,15,5436,2258,1689,5,NA,NA,NA
2020-06-26,NA,NA,NA,1918,29754,2644,34316,1294314,30780,1.1,27344,256,92,61,31,58,41,17,5445,2268,1692,5,NA,NA,NA
2020-06-27,NA,NA,NA,1892,29932,2652,34476,1327806,33492,1.4,33759,252,87,54,33,53,35,18,5457,2282,1698,5,NA,NA,NA
2020-06-28,NA,NA,NA,1889,30107,2658,34654,1356439,28633,1,29592,214,86,51,35,55,36,19,5468,2288,1700,5,NA,NA,NA
2020-06-29,NA,NA,NA,2050,30196,2665,34911,1383566,27127,1,16701,232,82,46,36,54,35,19,5468,2283,1706,5,NA,NA,NA
2020-06-30,NA,NA,NA,2052,30344,2672,35068,1407325,23759,1,19318,213,74,42,32,50,34,16,5473,2284,1710,5,NA,NA,NA
2020-07-01,NA,NA,NA,2015,30526,2676,35217,1433381,26056,0.8,23326,209,70,43,27,45,30,15,5476,2292,1710,5,NA,NA,NA
2020-07-02,NA,NA,NA,1960,30730,2680,35370,1457703,24322,0.8,13922,119,71,40,31,45,26,19,5488,2290,1712,6,NA,NA,NA
2020-07-03,NA,NA,NA,1944,30909,2682,35535,1481897,24194,0.8,15911,155,70,40,30,46,25,21,5508,2301,1712,7,NA,NA,NA
2020-07-04,NA,NA,NA,1886,31083,2687,35656,1503322,21425,1,14594,150,NA,39,NA,NA,26,NA,5512,2312,1717,7,NA,NA,NA
2020-07-05,NA,NA,NA,1839,31266,2689,35794,1527114,23792,0.9,11651,139,67,39,28,38,23,15,5515,2321,1718,7,NA,NA,NA
2020-07-06,NA,NA,NA,1833,31426,2689,35948,1544417,17303,0.8,8931,118,64,36,28,39,21,18,5514,2326,1717,7,NA,NA,NA
2020-07-07,NA,NA,NA,1766,31603,2691,36060,1559529,15112,0.9,12625,131,61,34,27,41,24,17,5516,2327,1717,7,NA,NA,NA
2020-07-08,NA,NA,NA,1673,31805,2700,36178,1582361,22832,0.9,17116,123,61,35,26,44,26,18,5521,2343,1722,7,NA,NA,NA
2020-07-09,NA,NA,NA,1668,31977,2703,36348,1608687,26326,0.8,21648,123,58,31,27,42,23,19,5526,2364,1722,7,NA,NA,NA
2020-07-10,NA,NA,NA,1599,32155,2710,36464,1636171,27484,0.7,25668,117,60,34,26,42,24,18,5527,2368,1724,7,NA,NA,NA
2020-07-11,NA,NA,NA,1456,32422,2716,36594,1665693,29522,0.7,22083,128,57,31,26,35,18,17,5535,2383,1728,8,NA,NA,NA
2020-07-12,NA,NA,NA,1470,32534,2719,36723,1691419,25726,0.8,16174,116,55,29,26,35,19,16,5537,2395,1729,8,NA,NA,NA
2020-07-13,NA,NA,NA,1454,32663,2722,36839,1712315,20896,0.8,7837,104,53,28,25,36,20,16,5540,2403,1730,8,NA,NA,NA
2020-07-14,NA,NA,NA,1442,32785,2723,36950,1729059,16744,0.7,13918,137,55,30,25,38,21,17,5540,2419,1729,8,NA,NA,NA
2020-07-15,NA,NA,NA,1400,32920,2732,37052,1752828,23769,0.8,22029,115,55,31,24,38,22,16,5545,2453,1730,8,NA,NA,NA
2020-07-16,NA,NA,NA,1365,33061,2737,37163,1779320,26492,0.9,25297,107,50,26,24,32,20,12,5548,2455,1731,8,NA,NA,NA
2020-07-17,NA,NA,NA,1366,33162,2746,37274,1810483,31163,0.7,24781,108,52,30,22,31,21,10,5545,2462,1732,8,NA,NA,NA
2020-07-18,NA,NA,NA,1398,33294,2748,37440,1839332,28849,0.7,24551,105,53,33,20,30,22,8,5547,2469,1732,8,NA,NA,NA
2020-07-19,NA,NA,NA,1446,33407,2751,37604,1866222,26890,1,18081,101,53,34,19,31,23,8,5549,2477,1731,8,NA,NA,NA
2020-07-20,NA,NA,NA,1474,33513,2752,37739,1887135,20913,1,11351,115,55,37,18,32,24,8,5546,2480,1730,8,NA,NA,NA
2020-07-21,NA,NA,NA,1584,33605,2753,37942,1910109,22974,0.9,11842,120,55,36,19,30,23,7,5546,2484,1732,8,NA,NA,NA
2020-07-22,NA,NA,NA,1540,33812,2755,38107,1934099,23990,0.7,18881,128,57,37,20,27,19,8,5877,2496,1788,8,NA,NA,NA
2020-07-23,NA,NA,NA,1492,33963,2755,38210,1960100,26001,0.8,21825,154,55,35,20,27,21,6,5877,2501,1789,8,NA,NA,NA
2020-07-24,NA,NA,NA,1547,34100,2758,38405,1988909,28809,0.9,25550,141,50,31,19,27,20,7,5881,2503,1791,8,NA,NA,NA
2020-07-25,NA,NA,NA,1544,34240,2759,38543,2018813,29904,0.6,26078,97,47,30,17,28,21,7,5884,2517,1791,8,NA,NA,NA
2020-07-26,NA,NA,NA,1558,34359,2763,38680,2044957,26144,0.6,18000,87,46,29,17,29,21,8,5885,2527,1792,8,NA,NA,NA
2020-07-27,NA,NA,NA,1574,34461,2764,38799,2069621,24664,0.7,9249,82,47,30,17,27,18,9,5884,2527,1792,8,NA,NA,NA
2020-07-28,NA,NA,NA,1575,34567,2768,38910,2086955,17334,0.7,12919,96,46,31,15,28,18,10,5885,2529,1793,8,NA,NA,NA
2020-07-29,NA,NA,NA,1476,34741,2769,38986,2114263,27308,0.7,18268,91,43,28,14,26,17,9,5887,2537,1793,8,NA,NA,NA
2020-07-30,NA,NA,NA,1397,34906,2772,39075,2141939,27676,0.6,28267,84,39,27,12,24,16,8,5889,2543,1793,8,NA,NA,NA
2020-07-31,NA,NA,NA,1360,35074,2775,39209,2171972,30033,0.5,29215,78,41,29,12,24,15,9,5891,2556,1795,8,NA,NA,NA
2020-08-01,NA,NA,NA,1319,35237,2777,39333,2205254,33282,0.6,26984,73,40,27,13,19,12,7,5893,2558,1797,8,NA,NA,NA
2020-08-02,NA,NA,NA,1312,35359,2778,39449,2235697,30443,0.4,17839,72,41,26,15,23,14,9,5894,2555,1797,8,NA,NA,NA
2020-08-03,NA,NA,NA,1274,35485,2778,39537,2258718,23021,0.5,12953,75,40,25,15,20,13,7,5895,2556,1797,8,NA,NA,NA
2020-08-04,NA,NA,NA,1245,35601,2782,39628,2277887,19169,0.7,9285,78,40,28,12,22,15,7,5896,2557,1798,8,NA,NA,NA
2020-08-05,NA,NA,NA,1185,35747,2782,39714,2295116,17229,0.6,16407,66,41,30,11,22,15,7,5896,2581,1798,8,NA,NA,NA
2020-08-06,NA,NA,NA,1120,35906,2783,39809,2321297,26181,0.5,19292,71,38,29,9,20,13,7,5899,2593,1798,8,NA,NA,NA
2020-08-07,NA,NA,NA,1090,36024,2783,39897,2346433,25136,0.6,25077,66,38,28,10,20,12,8,5901,2595,1799,8,NA,NA,NA
2020-08-08,NA,NA,NA,1052,36131,2784,39967,2372441,26008,0.4,26273,53,38,27,11,19,12,7,5901,2601,1799,8,NA,NA,NA
2020-08-09,NA,NA,NA,981,36279,2786,40046,2400212,27771,0.5,17540,55,38,26,12,19,12,7,5901,2605,1799,8,NA,NA,NA
2020-08-10,NA,NA,NA,994,36381,2786,40161,2422487,22275,0.5,10865,49,37,25,12,22,14,8,5903,2605,1799,8,NA,NA,NA
2020-08-11,NA,NA,NA,952,36456,2786,40194,2444068,21581,0.4,14677,60,34,21,13,21,12,9,5902,2608,1800,8,NA,NA,NA
2020-08-12,NA,NA,NA,912,36590,2787,40289,2468640,24572,0.5,22054,49,33,20,13,18,10,8,5902,2611,1800,8,NA,NA,NA
2020-08-13,NA,NA,NA,891,36689,2787,40367,2498266,29626,0.4,29049,43,31,20,11,19,10,9,5903,2617,1800,8,NA,NA,NA
2020-08-14,NA,NA,NA,899,36772,2788,40459,2528403,30137,0.5,35426,41,28,17,11,18,9,9,5904,2618,1800,8,NA,NA,NA
2020-08-15,NA,NA,NA,903,36873,2789,40565,2558839,30436,0.4,33852,39,29,17,12,17,10,7,5905,2614,1800,8,NA,NA,NA
2020-08-16,NA,NA,NA,904,36953,2789,40646,2582652,23813,0.5,25847,37,30,18,12,17,9,8,5905,2616,1800,8,NA,NA,NA
2020-08-17,NA,NA,NA,920,37036,2789,40745,2608219,25567,0.7,15076,32,28,16,12,17,10,7,5905,2617,1800,8,NA,NA,NA
2020-08-18,NA,NA,NA,951,37126,2793,40870,2631286,23067,0.5,16128,41,26,15,11,16,10,6,5912,2622,1803,8,NA,NA,NA
2020-08-19,NA,NA,NA,965,37215,2792,40972,2656928,25642,0.5,15490,42,26,15,11,18,10,8,5918,2626,1802,8,NA,NA,NA
2020-08-20,NA,NA,NA,964,37291,2793,41048,2682845,25917,0.6,22104,35,27,15,12,15,8,7,5919,2628,1803,8,NA,NA,NA
2020-08-21,NA,NA,NA,986,37397,2796,41179,2710918,28073,0.5,19941,35,26,13,13,13,7,6,5922,2636,1804,8,NA,NA,NA
2020-08-22,NA,NA,NA,1003,37487,2797,41287,2739574,28656,0.4,17965,40,25,13,12,11,7,4,5923,2636,1804,8,NA,NA,NA
2020-08-23,NA,NA,NA,1010,37595,2797,41402,2762958,23384,0.4,16115,41,21,11,10,10,6,4,5924,2638,1804,8,NA,NA,NA
2020-08-24,NA,NA,NA,1036,37673,2798,41507,2781748,18790,0.6,9229,40,23,12,11,11,7,4,5924,2639,1804,8,NA,NA,NA
2020-08-25,NA,NA,NA,1059,37748,2800,41607,2801761,20013,0.7,17259,39,24,13,11,15,10,5,5926,2639,1805,8,NA,NA,NA
2020-08-26,NA,NA,NA,1030,37863,2802,41695,2823721,21960,0.6,20716,43,24,15,9,13,10,3,5927,2641,1805,8,NA,NA,NA
2020-08-27,NA,NA,NA,1070,37940,2803,41813,2852346,28625,0.6,26179,48,26,18,8,13,10,3,5930,2640,1807,8,NA,NA,NA
2020-08-28,NA,NA,NA,1103,38023,2809,41935,2884169,31823,0.6,30512,61,25,18,7,15,12,3,5932,2639,1814,8,NA,NA,NA
2020-08-29,NA,NA,NA,1148,38126,2809,42083,2916275,32106,0.6,29491,51,28,17,10,9,5,4,5935,2637,1814,8,NA,NA,NA
2020-08-30,NA,NA,NA,1181,38204,2810,42195,2941245,24970,0.6,23880,51,30,20,10,15,10,5,5936,2637,1814,8,NA,NA,NA
2020-08-31,NA,NA,NA,1221,38277,2811,42309,2966343,25098,0.6,13542,49,29,18,11,13,9,4,5936,2638,1815,8,NA,NA,NA
2020-09-01,NA,NA,NA,1240,38369,2812,42421,2989888,23545,0.7,15748,65,29,17,10,10,5,3,5937,2643,1815,8,NA,NA,NA
2020-09-02,NA,NA,NA,1236,38506,2812,42554,3013892,24004,0.7,18273,60,21,13,8,11,9,2,5937,2648,1816,8,NA,NA,NA
2020-09-03,NA,NA,NA,1249,38625,2812,42686,3040190,26298,0.6,22769,60,20,12,8,11,9,2,5938,2648,1817,8,NA,NA,NA
2020-09-04,NA,NA,NA,1282,38741,2811,42834,3068781,28591,0.7,25945,66,24,13,11,10,8,2,5946,2649,1817,8,NA,NA,NA
2020-09-05,NA,NA,NA,1345,38847,2811,43003,3097453,28672,0.8,23357,58,23,14,9,10,8,2,5944,2648,1817,8,NA,NA,NA
2020-09-06,NA,NA,NA,1390,38958,2813,43161,3126408,28955,0.7,17698,52,24,15,9,12,9,3,5945,2649,1817,8,NA,NA,NA
2020-09-07,NA,NA,NA,1461,39077,2813,43351,3150133,23725,1,10540,55,24,18,6,10,8,2,5951,2648,1817,8,NA,NA,NA
2020-09-08,NA,NA,NA,1527,39196,2813,43536,3171062,20929,1,8357,54,25,17,8,10,7,3,5965,2643,1817,8,NA,NA,NA
2020-09-09,NA,NA,NA,1540,39332,2813,43685,3188667,17605,1.3,20062,55,24,15,9,12,8,4,5967,2647,1818,8,NA,NA,NA
2020-09-10,NA,NA,NA,1567,39474,2814,43855,3213336,24669,1,25850,54,23,14,9,11,9,2,5966,2647,1817,8,NA,NA,NA
2020-09-11,NA,NA,NA,1657,39598,2813,44068,3245837,32501,1,31384,49,25,18,7,12,9,3,5965,2657,1817,8,NA,NA,NA
2020-09-12,NA,NA,NA,1769,39717,2814,44300,3281455,35618,1,30491,43,18,12,6,11,8,3,5967,2659,1817,8,NA,NA,NA
2020-09-13,NA,NA,NA,1848,39841,2815,44504,3312598,31143,0.9,26765,39,20,14,6,12,9,3,5974,2661,1818,8,NA,NA,NA
2020-09-14,NA,NA,NA,2027,39974,2816,44817,3342138,29540,1,19260,47,24,17,7,11,8,3,5975,2662,1818,8,NA,NA,NA
2020-09-15,NA,NA,NA,2157,40091,2820,45068,3369802,27664,1.3,24339,47,26,19,7,15,11,4,5983,2663,1822,8,NA,NA,NA
2020-09-16,NA,NA,NA,2316,40245,2822,45383,3398563,28761,1.2,28346,44,28,20,8,15,12,3,6006,2666,1824,8,NA,NA,NA
2020-09-17,NA,NA,NA,2427,40424,2825,45676,3433697,35134,1.3,37624,53,28,21,7,14,12,2,6006,2672,1824,8,NA,NA,NA
2020-09-18,NA,NA,NA,2652,40600,2825,46077,3469523,35826,1.4,40443,58,28,20,8,12,10,2,6008,2677,1824,8,NA,NA,NA
2020-09-19,NA,NA,NA,2881,40777,2826,46484,3508463,38940,1.3,42778,64,29,20,9,13,10,3,6006,NA,1824,7,NA,NA,NA
2020-09-20,NA,NA,NA,3054,40968,2827,46849,3548590,40127,1.4,37671,63,31,23,8,12,10,2,6023,2682,1824,8,NA,NA,NA
2020-09-21,NA,NA,NA,3299,41146,2829,47274,3580343,31753,1.5,32489,65,30,22,8,14,12,2,6024,2683,1825,8,NA,NA,NA
2020-09-22,NA,NA,NA,3578,41342,2832,47752,3614544,34201,1.5,39788,82,30,24,6,14,11,3,6026,2683,1828,8,NA,NA,NA
2020-09-23,NA,NA,NA,3652,41600,2835,48087,3649980,35436,1.2,48079,88,30,24,6,12,9,3,6030,2685,1830,8,NA,NA,NA
2020-09-24,NA,NA,NA,3774,41886,2836,48496,3680614,30634,1,53840,88,33,27,6,14,11,3,6043,2690,1829,8,NA,NA,NA
2020-09-25,NA,NA,NA,3899,42169,2837,48905,3722479,41865,1,65227,87,31,25,6,15,13,2,6047,2693,1831,8,NA,NA,NA
2020-09-26,NA,NA,NA,3996,42507,2837,49340,3765717,43238,1.2,68040,100,34,28,6,18,15,3,6049,2693,1831,8,NA,NA,NA
2020-09-27,NA,NA,NA,4196,42796,2839,49831,3808226,42509,1.4,65061,112,34,28,6,19,16,3,6051,2696,1832,8,NA,NA,NA
2020-09-28,NA,NA,NA,4564,43127,2840,50531,3849337,41111,1.2,49586,128,35,29,6,20,17,3,6059,2701,1833,8,NA,NA,NA
2020-09-29,NA,NA,NA,4791,43450,2844,51085,3887712,38375,1.2,54759,137,34,30,4,18,16,2,6062,2708,1833,8,NA,NA,NA
2020-09-30,NA,NA,NA,4955,43907,2848,51710,3923465,35753,1.5,67126,150,39,35,4,19,17,2,6071,2714,1836,8,NA,NA,NA
2020-10-01,NA,NA,NA,4975,44422,2851,52248,3963111,39646,1.5,82473,162,41,36,5,18,17,1,6085,2720,1838,8,NA,NA,NA
2020-10-02,NA,NA,NA,5203,44850,2927,52980,4003204,40093,1.3,90513,167,44,38,6,23,21,2,6166,2555,1909,8,NA,NA,NA
2020-10-03,NA,NA,NA,5380,45285,2968,53633,4049458,46254,1.5,91322,155,47,41,6,25,23,2,6207,NA,1948,8,NA,NA,NA
2020-10-04,NA,NA,NA,5405,45819,2975,54199,4089119,39661,1.6,78953,169,48,43,5,27,25,2,6209,2646,1949,8,NA,NA,NA
2020-10-05,NA,NA,NA,5474,46360,2980,54814,4127315,38196,1.8,68006,176,48,43,5,28,26,2,6216,2650,1951,8,NA,NA,NA
2020-10-06,NA,NA,NA,5469,46906,2987,55362,4169346,42031,1.8,55483,192,45,41,4,27,26,1,6230,2659,1953,8,NA,NA,NA
2020-10-07,NA,NA,NA,5344,47613,2988,55945,4212623,43277,1.9,55413,195,48,43,5,30,28,2,6253,2668,1952,8,NA,NA,NA
2020-10-08,NA,NA,NA,5442,48308,2992,56742,4261111,48488,2.1,58118,206,53,47,6,32,29,3,6274,2670,1954,8,NA,NA,NA
2020-10-09,NA,NA,NA,5652,49032,2997,57681,4306025,44914,2,58173,225,52,47,5,32,29,3,6286,2682,1956,8,NA,NA,NA
2020-10-10,NA,NA,NA,5754,49732,3004,58490,4350323,44298,2,56138,213,53,48,5,32,29,3,6296,2689,1961,8,NA,NA,NA
2020-10-11,NA,NA,NA,5697,50437,3005,59139,4394461,44138,2.3,45837,217,57,51,6,35,32,3,6301,2689,1961,8,NA,NA,NA
2020-10-12,NA,NA,NA,5833,51105,3008,59946,4430934,36473,2.3,32473,203,58,53,5,33,30,3,6310,2698,1961,8,NA,NA,NA
2020-10-13,NA,NA,NA,5946,51729,3017,60692,4462167,31233,2.6,24420,230,65,60,5,37,34,3,6318,2706,1968,8,NA,NA,NA
2020-10-14,NA,NA,NA,5884,52512,3017,61413,4494373,32206,3,26558,231,68,64,4,38,35,3,6335,2712,1968,8,NA,NA,NA
2020-10-15,NA,NA,NA,5883,53291,3022,62196,4534334,39961,2.9,36314,253,67,62,5,35,31,4,6355,2717,1969,8,NA,NA,NA
2020-10-16,NA,NA,NA,5873,54004,3031,62908,4572841,38507,2,37155,261,72,67,5,39,36,3,6365,2728,1974,8,NA,NA,NA
2020-10-17,NA,NA,NA,5986,54686,3041,63713,4617563,44722,2.3,33630,278,77,72,5,45,42,3,6380,2733,1979,8,NA,NA,NA
2020-10-18,NA,NA,NA,5954,55371,3046,64371,4658413,40850,2.5,23609,247,76,71,5,46,43,3,6402,2740,1980,8,NA,NA,NA
2020-10-19,NA,NA,NA,6047,55978,3050,65075,4690277,31864,3.1,16303,252,74,69,5,42,40,2,6419,2755,1980,8,NA,NA,NA
2020-10-20,NA,NA,NA,6237,56606,3053,65896,4714326,24049,3.6,24129,274,77,72,5,48,45,3,6442,2772,1979,8,NA,NA,NA
2020-10-21,NA,NA,NA,6299,57325,3062,66686,4746972,32646,2.5,29332,260,76,71,5,53,49,4,6462,2781,1981,8,NA,NA,NA
2020-10-22,NA,NA,NA,6390,58066,3071,67527,4785832,38860,2.5,34784,270,83,74,9,54,48,6,6487,2785,1984,8,NA,NA,NA
2020-10-23,NA,NA,NA,6474,58799,3080,68353,4825851,40019,2.9,35436,276,87,78,9,54,47,7,6524,2796,1987,8,NA,NA,NA
2020-10-24,NA,NA,NA,6821,59424,3086,69331,4870002,44151,2.6,30922,294,90,82,8,60,53,7,6607,2805,1989,8,NA,NA,NA
2020-10-25,NA,NA,NA,7120,60160,3093,70373,4908771,38769,3.2,23601,278,86,79,7,61,54,7,6637,2820,1989,8,NA,NA,NA
2020-10-26,NA,NA,NA,7286,60839,3099,71224,4937423,28652,3.8,17603,295,85,78,7,57,51,6,6678,2822,1991,8,NA,NA,NA
2020-10-27,NA,NA,NA,7418,61530,3103,72051,4961368,23945,3.5,22636,312,82,75,7,58,52,6,6705,2837,1994,8,NA,NA,NA
2020-10-28,NA,NA,NA,7474,62303,3108,72885,4991378,30010,3,33906,312,79,71,8,58,51,7,6737,2840,1996,8,NA,NA,NA
2020-10-29,NA,NA,NA,7578,63123,3118,73819,5026999,35621,2.9,40074,322,86,77,9,58,52,6,6765,2851,2001,8,NA,NA,NA
2020-10-30,NA,NA,NA,7669,63919,3127,74715,5068007,41008,2.8,41063,314,86,75,11,60,52,8,6829,2869,2004,8,NA,NA,NA
2020-10-31,NA,NA,NA,7877,64717,3136,75730,5109927,41920,3,36262,320,83,73,10,63,54,9,6873,2873,2009,8,NA,NA,NA
2020-11-01,NA,NA,NA,7981,65581,3145,76707,5147060,37133,3,23933,350,82,72,10,53,46,7,6941,2878,2013,8,NA,NA,NA
2020-11-02,NA,NA,NA,8096,66407,3152,77655,5174968,27908,4,15397,328,86,75,11,53,45,8,6963,2891,2016,8,NA,NA,NA
2020-11-03,NA,NA,NA,8295,67244,3166,78705,5200247,25279,4,20758,357,85,73,12,55,47,8,6998,2898,2024,8,NA,NA,NA
2020-11-04,NA,NA,NA,8321,68189,3182,79692,5228814,28567,3.7,33087,367,85,75,10,52,44,8,7042,2926,2035,8,NA,NA,NA
2020-11-05,NA,NA,NA,8358,69137,3195,80690,5264568,35754,3.3,41787,381,97,86,11,55,48,7,7094,2934,2042,8,NA,NA,NA
2020-11-06,NA,NA,NA,8398,70086,3209,81693,5305836,41268,3.7,47074,380,97,86,11,55,49,6,7183,2946,2050,8,NA,NA,NA
2020-11-07,NA,NA,NA,8667,70938,3220,82825,5345001,39165,3.5,44572,384,101,88,13,59,52,7,7213,2969,2056,8,NA,NA,NA
2020-11-08,NA,NA,NA,9105,71815,3233,84153,5382578,37577,4.2,35776,374,99,86,13,56,51,5,7288,2983,2063,8,NA,NA,NA
2020-11-09,NA,NA,NA,9514,72636,3245,85395,5410979,28401,5,26646,367,96,84,12,59,54,5,7329,2997,2069,8,NA,NA,NA
2020-11-10,NA,NA,NA,10106,73417,3260,86783,5440104,29125,5.7,27802,422,93,82,11,59,54,5,7391,3016,2080,8,NA,NA,NA
2020-11-11,NA,NA,NA,10631,74303,3275,88209,5476811,36707,5.1,34460,424,99,88,11,61,57,4,7470,3034,2087,8,NA,NA,NA
2020-11-12,NA,NA,NA,11271,75220,3293,89784,5516370,39559,4.3,41977,431,107,98,9,66,62,4,7527,3040,2099,8,NA,NA,NA
2020-11-13,NA,NA,NA,11630,76238,3312,91180,5556879,40509,4.5,44507,452,114,106,8,74,67,7,7554,3054,2109,8,NA,NA,NA
2020-11-14,NA,NA,NA,12188,77241,3332,92761,5601716,44837,4.2,39767,502,116,107,9,75,66,9,7624,3074,2121,8,NA,NA,NA
2020-11-15,NA,NA,NA,12345,78303,3361,94009,5643922,42206,3.8,26147,479,127,118,9,74,67,7,7685,3087,2141,8,NA,NA,NA
2020-11-16,NA,NA,NA,12830,79295,3371,95496,5677273,33351,4.1,16254,500,134,125,9,77,70,7,7747,3097,2145,8,NA,NA,NA
2020-11-17,NA,NA,NA,12932,80430,3383,96745,5703741,26468,6.1,25435,529,137,127,10,82,75,7,7788,3131,2148,8,NA,NA,NA
2020-11-18,NA,NA,NA,12822,81925,3415,98162,5737181,33440,4.5,36671,535,137,127,10,86,78,8,7857,3152,2174,8,NA,NA,NA
2020-11-19,NA,NA,NA,12628,83301,3443,99372,5779019,41838,4.1,44493,526,154,146,8,94,88,6,7915,3161,2189,8,NA,NA,NA
2020-11-20,NA,NA,NA,12623,84716,3451,100790,5827192,48173,3.6,46609,518,151,142,9,98,92,6,7934,3172,2193,8,NA,NA,NA
2020-11-21,NA,NA,NA,12827,86079,3472,102378,5873863,46671,4.3,43047,513,154,146,8,93,87,6,7984,3190,2206,8,NA,NA,NA
2020-11-22,NA,NA,NA,12918,87508,3486,103912,5920252,46389,3.8,30427,484,155,147,8,96,89,7,8020,3197,2213,8,NA,NA,NA
2020-11-23,NA,NA,NA,13004,88992,3505,105501,5957723,37471,4.6,18394,507,164,156,8,98,92,6,8078,3211,2224,8,NA,NA,NA
2020-11-24,NA,NA,NA,12917,90074,3519,106510,5984776,27053,5.8,29316,534,167,159,8,97,91,6,8118,3218,2234,8,NA,NA,NA
2020-11-25,NA,NA,NA,12779,91550,3554,107883,6020852,36076,4.7,44950,523,167,159,8,112,106,6,8177,3234,2256,8,NA,NA,NA
2020-11-26,NA,NA,NA,12871,92915,3575,109361,6068428,47576,3.9,52852,556,157,151,6,109,105,4,8237,3248,2270,8,NA,NA,NA
2020-11-27,NA,NA,NA,13255,94366,3595,111216,6126465,58037,3.7,54241,541,160,151,9,109,101,8,8330,3267,2283,8,NA,NA,NA
2020-11-28,NA,NA,NA,13538,95876,3624,113038,6181551,55086,3.4,56219,595,162,155,7,105,99,6,NA,NA,2294,8,NA,NA,NA
2020-11-29,NA,NA,NA,13779,97319,3648,114746,6235510,53959,3.7,38724,586,167,156,11,97,91,6,8361,NA,2301,8,NA,NA,NA
2020-11-30,NA,NA,NA,14197,98639,3656,116492,6274916,39406,4.6,27388,618,179,168,11,115,108,7,8399,NA,2303,8,NA,NA,NA
2020-12-01,NA,NA,NA,14524,100012,3663,118199,6309556,34640,5.1,34046,645,195,185,10,119,112,7,8493,NA,2309,8,NA,NA,NA
2020-12-02,NA,NA,NA,14526,101698,3698,119922,6353782,44226,4.7,49574,656,192,183,9,112,106,6,8674,3373,2331,8,NA,NA,NA
2020-12-03,NA,NA,NA,14795,103239,3712,121746,6406655,52873,4.4,58320,666,208,195,13,117,107,10,8726,3374,2342,8,NA,NA,NA
2020-12-04,NA,NA,NA,14997,104792,3737,123526,6462656,56001,3.6,62403,674,219,207,12,123,116,7,NA,NA,2357,8,NA,NA,NA
2020-12-05,NA,NA,NA,15212,106416,3757,125385,6522055,59399,3.4,63193,709,214,202,12,126,116,10,8850,3461,2370,8,NA,NA,NA
2020-12-06,NA,NA,NA,15547,107990,3772,127309,6581306,59251,3.9,47850,701,217,204,13,119,109,10,8895,3487,2378,8,NA,NA,NA
2020-12-07,NA,NA,NA,16034,109402,3798,129234,6626589,45283,4,31238,725,227,213,14,131,121,10,8966,3504,2391,8,NA,NA,NA
2020-12-08,NA,NA,NA,16151,110951,3808,130910,6665787,39198,5,40732,794,233,219,14,143,132,11,9004,3522,2396,8,NA,NA,NA
2020-12-09,NA,NA,NA,16089,112875,3836,132800,6714333,48546,4.4,54613,811,234,221,13,139,129,10,9045,3549,2407,8,NA,NA,NA
2020-12-10,NA,NA,NA,16233,114679,3871,134783,6776142,61809,3.6,66326,829,242,228,14,143,132,11,9093,3583,2431,8,NA,NA,NA
2020-12-11,NA,NA,NA,16283,116432,3916,136631,6839193,63051,3.2,69280,808,251,235,16,133,124,9,9156,3609,2460,8,NA,NA,NA
2020-12-12,NA,NA,NA,16221,118350,3933,138504,6904453,65260,3.2,67654,855,253,237,16,153,143,10,9206,3635,2469,8,NA,NA,NA
2020-12-13,NA,NA,NA,16204,120028,3949,140181,6962643,58190,3.2,51051,813,271,253,18,151,142,9,9279,3663,2479,8,NA,NA,NA
2020-12-14,NA,NA,NA,16586,121563,3972,142121,7019734,57091,4.6,32045,857,264,244,20,161,149,12,9358,3678,2490,8,NA,NA,NA
2020-12-15,NA,NA,NA,17031,123373,3992,144396,7059300,39566,5.4,45770,921,269,249,20,170,156,14,9378,3686,2491,8,NA,NA,NA
2020-12-16,NA,NA,NA,17084,125416,4035,146535,7108489,49189,5.1,65597,932,277,256,21,168,157,11,9462,3717,2513,8,NA,NA,NA
2020-12-17,NA,NA,NA,17484,127425,4058,148967,7166667,58178,4,78631,919,282,263,19,182,172,10,9538,3750,2526,8,NA,NA,NA
2020-12-18,NA,NA,NA,17742,129417,4098,151257,7234913,68246,3.9,81235,877,278,261,17,178,168,10,9625,3809,2537,8,NA,NA,NA
2020-12-19,NA,NA,NA,18207,131282,4125,153614,7302120,67207,4.2,78147,895,271,256,15,152,146,6,9755,3840,2546,8,NA,NA,NA
2020-12-20,NA,NA,NA,18567,133213,4150,155930,7371532,69412,3.6,54546,875,277,261,16,165,156,9,9845,3869,2564,8,NA,NA,NA
2020-12-21,NA,NA,NA,19019,134867,4167,158053,7426037,54505,4.7,39106,915,280,265,15,160,152,8,9938,3917,2581,8,NA,NA,NA
2020-12-22,NA,NA,NA,19300,136767,4188,160255,7471302,45265,5,47872,1005,288,273,15,180,172,8,10056,3952,2592,8,NA,NA,NA
2020-12-23,NA,NA,NA,19424,139010,4229,162663,7527962,56660,4.8,66976,1002,291,275,16,196,186,10,10206,3996,2608,8,NA,NA,NA
2020-12-24,NA,NA,NA,19809,141023,4278,165110,7592554,64592,3.7,75250,967,297,277,20,188,176,12,10315,4068,2643,8,NA,NA,NA
2020-12-25,NA,NA,NA,19688,143260,4321,167269,7654019,61465,3.4,65675,998,298,280,18,166,156,10,10412,4116,2665,8,NA,NA,NA
2020-12-26,NA,NA,NA,19879,145173,4359,169411,7703530,49511,3.8,37010,755,307,286,21,198,187,11,10492,4135,2682,8,NA,NA,NA
2020-12-27,NA,NA,NA,19861,147178,4377,171416,7745313,41783,5.1,27278,823,303,285,18,205,194,11,10577,4160,2696,8,NA,NA,NA
2020-12-28,NA,NA,NA,19612,149329,4414,173355,7784878,39565,8.6,26453,875,315,296,19,223,211,12,10647,4195,2708,8,NA,NA,NA
2020-12-29,NA,NA,NA,19891,151562,4455,175908,7818990,34112,9.7,32850,864,324,304,20,218,207,11,10725,4228,2726,8,NA,NA,NA
2020-12-30,NA,NA,NA,20558,153799,4474,178831,7858200,39210,8.4,54955,1177,342,323,19,212,204,8,10830,4256,2738,8,NA,NA,NA
2020-12-31,NA,NA,NA,21617,156012,4530,182159,7922058,63858,5.7,72283,1235,354,337,17,219,210,9,11027,4280,2777,8,NA,NA,NA
2021-01-01,NA,NA,NA,21582,158472,4581,184635,7991628,70570,5.3,71526,1260,355,336,19,232,221,11,11143,4329,2800,8,NA,NA,NA
2021-01-02,NA,NA,NA,22847,160526,4625,187998,8053029,61401,6,41709,1003,344,322,22,230,220,10,11217,4365,2814,8,NA,NA,NA
2021-01-03,NA,NA,NA,23611,162701,4650,190962,8103832,49803,5.6,27769,998,352,329,23,240,228,12,11293,4397,2829,8,NA,NA,NA
2021-01-04,NA,NA,NA,24778,164775,4679,194232,8142953,39121,9.7,19683,1190,355,333,22,205,194,11,11369,4434,2843,8,NA,NA,NA
2021-01-05,NA,NA,NA,25840,166790,4730,197360,8178105,35152,9.4,39805,1347,375,352,23,257,245,12,11511,4479,2865,8,NA,NA,NA
2021-01-06,NA,NA,NA,26064,169795,4767,200626,8229150,51045,8.5,55484,1463,381,361,20,256,246,10,11634,4552,2885,9,NA,NA,NA
2021-01-07,NA,NA,NA,26718,172571,4856,204145,8294922,65772,6.1,66970,1472,382,363,19,251,242,9,11756,4590,2928,9,NA,NA,NA
2021-01-08,NA,NA,NA,28203,175309,4882,208394,8366403,71481,6.2,73067,1446,394,369,25,263,250,13,11915,4641,2943,9,NA,NA,NA
2021-01-09,NA,NA,NA,28691,178224,4922,211837,8439303,72900,5.3,61228,1457,409,382,27,257,244,13,12073,4695,2969,9,NA,NA,NA
2021-01-10,NA,NA,NA,30079,180720,4983,215782,8501611,62308,6.2,39362,1483,411,388,23,278,266,12,12210,4752,2990,9,NA,NA,NA
2021-01-11,NA,NA,NA,30632,183476,5012,219120,8548014,46403,7.7,28774,1563,412,387,25,279,268,11,12377,4802,3004,9,NA,NA,NA
2021-01-12,NA,NA,NA,30141,186829,5053,222023,8592816,44802,7.8,43154,1701,411,385,26,274,262,12,12575,4870,3027,9,NA,NA,NA
2021-01-13,NA,NA,NA,29636,190221,5127,224984,8643747,50931,6,61259,1674,409,385,24,289,276,13,12726,4938,3063,10,NA,NA,NA
2021-01-14,NA,NA,NA,29307,193814,5189,228310,8714916,71169,5.1,66940,1657,413,388,25,295,280,15,12869,5009,3092,10,NA,NA,NA
2021-01-15,NA,NA,NA,28825,197194,5289,231308,8791388,76472,4.6,63728,1647,413,387,26,294,280,14,13014,5069,3137,10,NA,NA,NA
2021-01-16,NA,NA,NA,28618,200406,5340,234364,8865263,73875,4.9,50387,1632,421,397,24,297,281,16,13104,5134,3162,10,NA,NA,NA
2021-01-17,NA,NA,NA,28893,203484,5409,237786,8925446,60183,5.2,30103,1570,415,395,20,306,293,13,13210,5209,3198,10,NA,NA,NA
2021-01-18,NA,NA,NA,28621,206310,5433,240364,8965747,40301,6.6,18481,1571,416,394,22,314,303,11,13337,5261,3212,10,NA,NA,NA
2021-01-19,NA,NA,NA,27615,209183,5479,242277,9000278,34531,6.8,36750,1626,420,400,20,304,292,12,13412,5318,3232,10,NA,NA,NA
2021-01-20,NA,NA,NA,26467,212897,5568,244932,9054585,54307,4.9,48963,1598,416,395,21,311,296,15,13549,5375,3274,10,NA,NA,NA
2021-01-21,NA,NA,NA,26063,215887,5614,247564,9124841,70256,4.3,52871,1533,410,388,22,305,293,12,13647,5430,3307,10,NA,NA,NA
2021-01-22,NA,NA,NA,25263,219262,5701,250226,9196591,71750,3.3,41819,1512,406,383,23,304,291,13,13746,5494,3350,10,NA,NA,NA
2021-01-23,NA,NA,NA,24545,222287,5753,252585,9260044,63453,4.5,37847,1501,418,395,23,313,299,14,13854,5556,3375,10,NA,NA,NA
2021-01-24,NA,NA,NA,24153,225046,5803,255002,9308991,48947,4.2,23995,1436,413,392,21,315,301,14,13996,5595,3400,10,NA,NA,NA
2021-01-25,NA,NA,NA,23620,227494,5846,256960,9344959,35968,5.5,14991,1398,418,397,21,297,283,14,14063,5642,3427,10,NA,NA,NA
2021-01-26,NA,NA,NA,23036,229755,5909,258700,9375676,30717,5.9,36405,1466,405,383,22,310,298,12,14134,5695,3462,10,NA,NA,NA
2021-01-27,NA,NA,NA,21932,232480,5958,260370,9430867,55191,4,46900,1382,400,377,23,305,291,14,14214,5771,3487,10,NA,NA,NA
2021-01-28,NA,NA,NA,21478,234971,6014,262463,9495531,64664,3.3,48386,1338,386,358,28,296,276,20,14264,5813,3518,10,NA,NA,NA
2021-01-29,NA,NA,NA,20357,237871,6072,264300,9564571,69040,3.3,40453,1291,391,360,31,293,271,22,14346,5858,3550,10,51,NA,NA
2021-01-30,NA,NA,NA,19724,240494,6145,266363,9624165,59594,3.3,31463,1273,385,353,32,230,216,14,14465,5919,3574,10,57,NA,NA
2021-01-31,NA,NA,NA,19216,242807,6188,268211,9673517,49352,3.7,15616,1159,385,356,29,272,252,20,14554,5990,3595,10,58,NA,NA
2021-02-01,NA,NA,NA,19017,244939,6224,270180,9703876,30359,5.2,11651,1158,383,354,29,277,260,17,14616,6020,3614,10,69,NA,NA
2021-02-02,NA,NA,NA,17451,247236,6238,270925,9732428,28552,4.6,32348,1192,369,341,28,271,253,18,14586,6218,3618,10,109,1,NA
2021-02-03,NA,NA,NA,16811,248981,6305,272097,9784846,52418,3.3,44606,1066,368,336,32,275,254,21,14607,6250,3647,10,106,1,NA
2021-02-04,NA,NA,NA,16330,250937,6393,273660,9849313,64467,2.6,47282,1101,356,323,33,266,241,25,14672,6300,3683,10,152,1,NA
2021-02-05,NA,NA,NA,15722,253170,6438,275330,9912023,62710,2.5,41561,1043,359,325,34,251,225,26,14702,6341,3697,10,155,1,NA
2021-02-06,NA,NA,NA,15269,254966,6483,276718,9974364,62341,2.6,31924,1021,364,325,39,254,228,26,14771,6376,3719,10,164,1,NA
2021-02-07,NA,NA,NA,14799,256903,6505,278207,10026022,51658,2.8,16539,926,372,335,37,260,233,27,14795,6407,3732,10,174,1,NA
2021-02-08,NA,NA,NA,14331,258603,6538,279472,10054325,28303,4.4,10693,901,370,335,35,251,226,25,14809,6425,3740,10,219,1,NA
2021-02-09,NA,NA,NA,13948,259991,6555,280494,10085123,30798,3.3,33273,909,349,318,31,244,223,21,14820,6434,3747,10,227,3,NA
2021-02-10,NA,NA,NA,13270,261700,6596,281566,10137627,52504,2.5,41725,948,341,313,28,245,226,19,14847,6449,3760,10,228,3,NA
2021-02-11,NA,NA,NA,12853,263044,6614,282511,10206439,68812,2.3,43383,883,331,299,32,233,211,22,NA,6449,3769,10,236,3,NA
2021-02-12,NA,NA,NA,12496,264459,6632,283587,10268451,62012,2.2,38345,763,328,295,33,228,204,24,14832,6452,3777,10,275,3,NA
2021-02-13,NA,NA,NA,12343,265893,6651,284887,10327211,58760,2.3,32143,786,322,287,35,229,203,26,14840,6473,3780,10,297,3,NA
2021-02-14,NA,NA,NA,12047,267128,6693,285868,10375912,48701,2.6,15947,705,329,292,37,230,203,27,14895,6484,3797,10,303,6,1
2021-02-15,NA,NA,NA,11825,268301,6706,286832,10406267,30355,3.3,10802,739,331,293,38,224,199,25,14902,6493,3798,10,302,7,1
2021-02-16,NA,NA,NA,11604,269413,6719,287736,10433272,27005,3.6,15024,742,333,292,41,224,201,23,14905,6507,3803,10,309,9,1
2021-02-17,NA,NA,NA,10985,270869,6729,288583,10467249,33977,3,33730,719,334,298,36,231,211,20,14908,6515,3807,10,338,6,1
2021-02-18,NA,NA,NA,10702,272146,6773,289621,10523414,56165,2.2,44532,758,316,277,39,213,192,21,14916,6515,3820,10,348,10,1
2021-02-19,NA,NA,NA,10550,273401,6820,290771,10588786,65372,2.1,39970,689,307,269,38,210,190,20,14924,6568,3838,10,385,9,1
2021-02-20,NA,NA,NA,10437,274714,6848,291999,10645980,57194,2.2,30762,699,294,263,31,198,181,17,14927,6568,3849,10,386,9,1
2021-02-21,NA,NA,NA,10371,275854,6861,293086,10694158,48178,2.7,17307,660,307,277,30,196,181,15,14934,6574,3853,10,391,9,1
2021-02-22,NA,NA,NA,10335,276937,6872,294144,10725321,31163,3.3,11883,646,310,280,30,204,189,15,14935,6580,3857,10,390,9,1
2021-02-23,NA,NA,NA,10296,277939,6884,295119,10751300,25979,4.2,28802,718,313,283,30,200,186,14,14937,6584,3858,10,390,9,1
2021-02-24,NA,NA,NA,10050,279230,6893,296173,10806152,54852,2.4,41251,675,316,287,29,193,182,11,14937,6600,3860,10,395,9,1
2021-02-25,NA,NA,NA,10071,280324,6916,297311,10872503,66351,2,40639,687,313,283,30,193,182,11,14943,6604,3864,10,449,11,2
2021-02-26,NA,NA,NA,10294,281331,6944,298569,10936552,64049,2.3,35502,683,317,284,33,211,193,18,14955,6611,3864,10,477,14,2
2021-02-27,NA,NA,NA,10479,282315,6960,299754,10995968,59416,2.1,27989,680,308,276,32,197,182,15,14958,6615,3865,10,508,25,2
2021-02-28,NA,NA,NA,10492,283344,6980,300816,11045153,49185,2.4,18318,627,322,289,33,200,185,15,14958,6618,3864,10,528,27,3
2021-03-01,NA,NA,NA,10570,284283,6986,301839,11080168,35015,3.1,13416,659,311,280,31,192,175,17,14958,6622,3865,10,535,27,3
2021-03-02,NA,NA,NA,10546,285262,6997,302805,11110935,30767,2.9,31074,677,310,284,26,202,189,13,14958,6626,3867,10,542,27,3
2021-03-03,NA,NA,NA,10397,286352,7014,303763,11163548,52613,2.4,43139,668,301,274,27,203,188,15,14961,6635,3869,10,552,27,3
2021-03-04,NA,NA,NA,10309,287424,7024,304757,11229191,65643,2.1,42723,649,306,281,25,198,183,15,14963,6642,3871,10,644,31,3
2021-03-05,NA,NA,NA,10378,288583,7046,306007,11293939,64748,2.3,34037,643,312,280,32,199,183,16,14964,6652,3873,10,799,31,3
2021-03-06,NA,NA,NA,10210,289735,7052,306997,11351768,57829,2.3,27796,620,312,278,34,198,181,17,14976,6685,3875,10,826,31,8
2021-03-07,NA,NA,NA,10389,290840,7067,308296,11398354,46586,3.1,20057,606,308,273,35,197,179,18,14980,6689,3876,10,828,31,13
2021-03-08,NA,NA,NA,11016,291834,7077,309927,11436417,38063,3.4,13891,626,318,282,36,203,184,19,14979,6695,3876,10,879,39,17
2021-03-09,NA,NA,NA,11223,292806,7083,311112,11469681,33264,3.7,29845,689,326,290,36,203,184,19,14980,6699,3876,10,908,39,17
2021-03-10,NA,NA,NA,11311,294018,7099,312428,11523830,54149,2.5,38518,678,309,281,28,194,178,16,14978,6700,3876,10,921,39,17
2021-03-11,NA,NA,NA,11283,295128,7109,313520,11584449,60619,2.4,42033,680,308,277,31,202,184,18,14976,6703,3877,10,956,41,28
2021-03-12,NA,NA,NA,11512,296252,7127,314891,11649060,64611,2.4,36744,676,314,282,32,206,189,17,14976,6712,3877,10,1005,42,34
2021-03-13,NA,NA,NA,11818,297403,7138,316359,11707491,58431,2.9,29756,689,308,275,33,191,175,16,14969,6729,3878,10,1024,43,34
2021-03-14,NA,NA,NA,12383,298570,7153,318106,11755109,47618,3.1,18494,601,316,282,34,201,186,15,14972,6736,3878,10,1036,44,34
2021-03-15,NA,NA,NA,12528,299684,7162,319374,11789084,33975,3.8,10954,699,329,298,31,202,187,15,14984,6740,3881,10,1106,44,34
2021-03-16,NA,NA,NA,12506,300769,7173,320448,11817610,28526,4.5,27448,761,325,292,33,209,194,15,14987,6746,3882,10,1131,46,34
2021-03-17,NA,NA,NA,12512,302257,7187,321956,11866738,49128,3.5,35201,741,334,300,34,204,190,14,14988,6757,3887,10,1134,47,34
2021-03-18,NA,NA,NA,12814,303493,7202,323509,11925298,58560,3.1,32330,730,341,304,37,205,186,19,14992,6760,3888,10,1136,47,35
2021-03-19,NA,NA,NA,13253,304789,7212,325254,11981432,56134,3.3,29545,759,346,309,37,192,176,16,14999,6762,3888,10,1175,48,35
2021-03-20,NA,NA,NA,13810,306050,7223,327083,12033515,52083,3.6,28020,765,335,302,33,208,189,19,15000,6771,3889,10,1230,47,35
2021-03-21,NA,NA,NA,14230,307403,7241,328874,12082748,49233,3.7,19486,760,340,305,35,206,186,20,15005,6776,3891,10,1287,47,36
2021-03-22,NA,NA,NA,14751,308578,7244,330573,12113837,31089,5.4,14407,813,331,298,33,206,186,20,15009,6782,3891,10,1340,48,36
2021-03-23,NA,NA,NA,15017,309849,7253,332119,12146393,32556,5.7,31325,868,357,324,33,208,193,15,15010,6784,3892,10,1359,47,37
2021-03-24,NA,NA,NA,15047,311380,7263,333690,12198355,51962,3.8,38985,893,363,333,30,228,210,18,15015,6789,3892,10,1389,50,47
2021-03-25,NA,NA,NA,16081,312709,7280,336070,12258432,60077,3.8,36916,894,360,332,28,227,212,15,15017,6795,3892,10,1458,51,54
2021-03-26,NA,NA,NA,16563,314384,7292,338239,12311868,53436,3.8,37364,913,384,359,25,226,215,11,15021,6801,3892,10,1494,60,58
2021-03-27,NA,NA,NA,17519,315865,7308,340692,12372873,61005,4.5,33065,985,392,365,27,201,192,9,15025,6809,3893,10,1523,63,61
2021-03-28,NA,NA,NA,18405,317408,7327,343140,12423100,50227,4.5,25452,917,393,366,27,227,217,10,15029,6811,3893,10,1625,63,67
2021-03-29,NA,NA,NA,18965,318932,7337,345234,12462570,39470,6.1,17716,841,409,382,27,246,236,10,15030,6816,3893,10,1749,63,82
2021-03-30,NA,NA,NA,19810,320409,7351,347570,12498641,36071,6.2,35066,1090,411,387,24,257,249,8,15037,6819,3897,10,1800,69,90
2021-03-31,NA,NA,NA,20155,322382,7366,349903,12551173,52532,4.8,40446,1111,424,396,28,261,252,9,15044,6820,3901,10,1898,70,92
2021-04-01,NA,NA,NA,20875,324196,7389,352460,12613463,62290,4.8,42057,1116,433,406,27,259,250,9,15047,6819,3901,10,1953,67,96
2021-04-02,NA,NA,NA,22016,326121,7412,355549,12675796,62333,4.6,39233,1162,435,408,27,271,261,10,15051,6824,3901,10,2022,70,103
2021-04-03,NA,NA,NA,23190,327940,7428,358558,12734913,59117,5,25049,796,451,423,28,261,252,9,15055,6824,3901,10,2042,70,102
2021-04-04,NA,NA,NA,24320,329839,7440,361599,12781293,46380,6.5,19689,811,476,449,27,262,254,8,15063,6833,3901,10,2114,71,103
2021-04-05,NA,NA,NA,25487,331600,7450,364537,12817856,36563,7.8,17739,942,494,469,25,293,284,9,15069,6836,3903,10,2135,71,103
2021-04-06,NA,NA,NA,26568,333576,7458,367602,12855397,37541,8.9,29173,1161,510,482,28,310,299,11,15069,6838,3903,10,2165,71,106
2021-04-07,NA,NA,NA,27359,335983,7475,370817,12905286,49889,6.7,41624,1397,504,476,28,311,301,10,15066,6853,3904,10,2291,72,120
2021-04-08,NA,NA,NA,28059,338559,7494,374112,12969132,63846,6,42404,1417,525,496,29,331,318,13,15072,6856,3904,10,9632,75,131
2021-04-09,NA,NA,NA,29627,341200,7512,378339,13030542,61410,6.3,42572,1492,552,519,33,359,344,15,15073,6861,3905,10,11492,76,133
2021-04-10,NA,NA,NA,30999,343622,7531,382152,13091981,61439,6.5,42963,1524,585,554,31,384,370,14,15074,6858,3907,10,13213,76,134
2021-04-11,NA,NA,NA,32817,346239,7552,386608,13148359,56378,7.7,31836,1513,605,575,30,382,364,18,15075,6866,3907,10,14387,78,134
2021-04-12,NA,NA,NA,34758,348684,7567,391009,13196288,47929,9.5,24796,1646,619,590,29,408,395,13,15074,6867,3908,10,16540,81,140
2021-04-13,NA,NA,NA,35840,351257,7582,394679,13238455,42167,10.3,35679,1822,626,591,35,422,397,25,15073,6868,3908,10,20487,81,143
2021-04-14,NA,NA,NA,36808,354417,7610,398835,13292666,54211,8.6,45248,1877,642,607,35,442,421,21,15073,6876,3908,10,24467,84,176
2021-04-15,NA,NA,NA,38341,357591,7639,403571,13358225,65559,8,39682,1932,659,623,36,442,419,23,15081,6883,3908,10,27278,95,191
2021-04-16,NA,NA,NA,39977,360742,7664,408383,13422529,64304,8.2,38815,1955,701,661,40,480,456,24,15091,6890,3909,10,30175,99,202
